# Words to drop or restrict, matched by folded key: word<TAB>flags.
#   x = drop the word (default)
#   o = offensive: valid when typed, but never suggested or corrected to
#   n = valid and suggested, but never corrected to
#
# Two-letter SCOWL entries that are mostly noise on a phone keyboard
cs	x
ce	x
ec	x
fe	x
ge	x
pe	x
se	x
te	x
et	x
em	x
mu	x
ms	x
ax	x
m	x
# Rare words that are more often a typo than meant
ere	n
hav	n
wit	n
thy	n
thee	n
tho	n
nth	n
ole	n
ow	n
ho	o
# Offensive words
arse	o
arsehole	o
asshole	o
assholes	o
bastard	o
bastards	o
bitch	o
bitches	o
bitchy	o
bollocks	o
bullshit	o
chink	o
cock	o
cocks	o
crap	o
cunt	o
cunts	o
damn	o
dick	o
dickhead	o
dicks	o
dyke	o
fag	o
faggot	o
faggots	o
fags	o
fuck	o
fucked	o
fucker	o
fuckers	o
fucking	o
fucks	o
gook	o
homo	o
jackass	o
kike	o
motherfucker	o
motherfuckers	o
nigga	o
niggas	o
nigger	o
niggers	o
piss	o
pissed	o
porn	o
prick	o
pussy	o
queer	o
retard	o
retarded	o
retards	o
shit	o
shits	o
shitty	o
slut	o
sluts	o
spic	o
tits	o
twat	o
wank	o
wanker	o
whore	o
whores	o
# Abbreviations and chat words from the extras: accepted and suggested, but never corrected to
thx	n
ty	n
np	n
pls	n
plz	n
brb	n
imo	n
imho	n
nvm	n
lmk	n
fyi	n
ttyl	n
rn	n
smh	n
ikr	n
jk	n
bc	n
gg	n
irl	n
afaik	n
asap	n
tmrw	n
ppl	n
msg	n
convo	n
etc	n
vs	n
approx	n
dept	n
mr	n
mrs	n
dr	n
jr	n
sr	n
st	n
inc	n
ltd	n
hr	n
hrs	n
min	n
mins	n
sec	n
km	n
cm	n
mm	n
kg	n
lb	n
lbs	n
oz	n
ft	n
pm	n
mon	n
tue	n
tues	n
thu	n
thur	n
thurs	n
fri	n
sept	n
nov	n
www	n
http	n
https	n
html	n
