# Words to add on top of SCOWL: word<TAB>optional zipf override. Surfaces keep their case (TV, iPhone).
# Contractions with 's that SCOWL files together with possessives
he's
here's
how's
it's
let's
she's
that's
there's
what's
when's
where's
who's
why's
# Informal words common in messages
ok
okay
gonna
wanna
gotta
kinda
sorta
dunno
lemme
gimme
y'know
yeah
yep
yup
nope
nah
hey
hmm
huh
lol
omg
btw
idk
tbh
wow
yay
ugh
oops
awesome
# Chat abbreviations
thx
ty
np
pls
plz
brb
imo
imho
nvm
lmk
fyi
ttyl
rn
smh
ikr
jk
bc
gg
irl
afaik
asap
tmrw
ppl
msg
convo
# Abbreviations, often typed without the period
etc
vs
approx
dept
mr
mrs
dr
jr
sr
st
inc
ltd
hr
hrs
min
mins
sec
km
cm
mm
kg
lb
lbs
oz
ft
pm
Mon
Tue
Tues
Thu
Thur
Thurs
Fri
Sept
Nov
www
http
https
html
# Everyday technology words
wifi
email
emails
emailed
emailing
emoji
emojis
selfie
selfies
online
offline
app
apps
blog
blogs
vlog
podcast
podcasts
smartphone
smartphones
laptop
laptops
texting
hashtag
hashtags
login
logout
username
usernames
password
passwords
website
websites
webpage
inbox
screenshot
screenshots
livestream
unsubscribe
download
downloads
upload
uploads
TV
TVs
OK
iPhone
iPad
